Nombre,Clase,Subclase,Nombre_Referencia_Externa,Ruta
sept_prodEspecializados_03,Puestos de Trabajo,,,Puestos de Trabajo/sept_prodEspecializados_03.jpg
sept_prodEspecializados_02,Puestos de Trabajo,,,Puestos de Trabajo/sept_prodEspecializados_02.jpg
IMG-20161008-WA0017,Puestos de Trabajo,,,Puestos de Trabajo/IMG-20161008-WA0017.jpg
OficinaColaborativasAktiva_18,Puestos de Trabajo,,,Puestos de Trabajo/OficinaColaborativasAktiva_18.jpg
72655090_417390335819330_1916614079387004059_n,Puestos de Trabajo,,,Puestos de Trabajo/72655090_417390335819330_1916614079387004059_n.jpg
aktivaPedastalDobleConfama01,Puestos de Trabajo,,,Puestos de Trabajo/aktivaPedastalDobleConfama01.jpg
20150821_164853-RETOCADA,Puestos de Trabajo,,,Puestos de Trabajo/20150821_164853-RETOCADA.jpg
IMG-20161008-WA0019,Puestos de Trabajo,,,Puestos de Trabajo/IMG-20161008-WA0019.jpg
sept_aktiva_salaBogota,Puestos de Trabajo,,,Puestos de Trabajo/sept_aktiva_salaBogota.jpg
82576370_216363412819225_1860549275307778035_n,Puestos de Trabajo,,,Puestos de Trabajo/82576370_216363412819225_1860549275307778035_n.jpg
IMG-20161008-WA0020,Puestos de Trabajo,,,Puestos de Trabajo/IMG-20161008-WA0020.jpg
OficinaColaborativasAktiva_08,Puestos de Trabajo,,,Puestos de Trabajo/OficinaColaborativasAktiva_08.jpg
IMG-20161008-WA0021,Puestos de Trabajo,,,Puestos de Trabajo/IMG-20161008-WA0021.jpg
69138264_2448071538797829_6070347852815251661_n,Puestos de Trabajo,,,Puestos de Trabajo/69138264_2448071538797829_6070347852815251661_n.jpg
76888741_454330778622607_6629430460124242971_n,Puestos de Trabajo,,,Puestos de Trabajo/76888741_454330778622607_6629430460124242971_n.jpg
IMG-20161008-WA0016,Puestos de Trabajo,,,Puestos de Trabajo/IMG-20161008-WA0016.jpg
sept_prodEspecializados_01,Puestos de Trabajo,,,Puestos de Trabajo/sept_prodEspecializados_01.jpg
122813744_1029464607499957_1194205756040764265_n,Puestos de Trabajo,,,Puestos de Trabajo/122813744_1029464607499957_1194205756040764265_n.jpg
summa_1,Puestos de Trabajo,,,Puestos de Trabajo/summa_1.jpg
SUAM-552,Puestos de Trabajo,,,Puestos de Trabajo/SUAM-552.jpg
the_boston_consulting_group_03,Puestos de Trabajo,,,Puestos de Trabajo/the_boston_consulting_group_03.jpg
123014177_346667469970760_3926276630354987700_n,Puestos de Trabajo,,,Puestos de Trabajo/123014177_346667469970760_3926276630354987700_n.jpg
sept_prodEspecializados_04,Puestos de Trabajo,,,Puestos de Trabajo/sept_prodEspecializados_04.jpg
aktivaPedastalDobleConfama02,Puestos de Trabajo,,,Puestos de Trabajo/aktivaPedastalDobleConfama02.jpg
OficinaColaborativasAktiva_16,Puestos de Trabajo,,,Puestos de Trabajo/OficinaColaborativasAktiva_16.jpg
84502242_577560826306586_2118561782872713079_n,Puestos de Trabajo,,,Puestos de Trabajo/84502242_577560826306586_2118561782872713079_n.jpg
WhatsApp Image 2024-03-23 at 12.14.50 PM (1),Puestos de Trabajo,,,Puestos de Trabajo/WhatsApp Image 2024-03-23 at 12.14.50 PM (1).jpeg
IMG-20161008-WA0018,Puestos de Trabajo,,,Puestos de Trabajo/IMG-20161008-WA0018.jpg
summa_6,Puestos de Trabajo,,,Puestos de Trabajo/summa_6.jpg
120411938_2804277586474354_8402433131743306075_n,Puestos de Trabajo,,,Puestos de Trabajo/120411938_2804277586474354_8402433131743306075_n.jpg
IMG-20161008-WA0022,Puestos de Trabajo,,,Puestos de Trabajo/IMG-20161008-WA0022.jpg
122427147_388432882329545_4729625050917857623_n,Puestos de Trabajo,,,Puestos de Trabajo/122427147_388432882329545_4729625050917857623_n.jpg
aktivaBenchLinealConfama01,Puestos de Trabajo,,,Puestos de Trabajo/aktivaBenchLinealConfama01.jpg
aktivaArchivosConfama01,Puestos de Trabajo,,,Puestos de Trabajo/aktivaArchivosConfama01.jpg
116156339_2613025322295683_3925528316854561050_n,Puestos de Trabajo,,,Puestos de Trabajo/116156339_2613025322295683_3925528316854561050_n.jpg
105000760_2714768315402900_1795947346759472936_n,Puestos de Trabajo,,,Puestos de Trabajo/105000760_2714768315402900_1795947346759472936_n.jpg
OficinaColaborativasAktiva_47,Recepciones,,,Recepciones/OficinaColaborativasAktiva_47.jpg
OficinaColaborativasAktiva_50,Recepciones,,,Recepciones/OficinaColaborativasAktiva_50.jpg
WhatsApp Image 2024-03-23 at 12.14.48 PM (1),Recepciones,,,Recepciones/WhatsApp Image 2024-03-23 at 12.14.48 PM (1).jpeg
WhatsApp Image 2024-03-23 at 12.14.49 PM,Recepciones,,,Recepciones/WhatsApp Image 2024-03-23 at 12.14.49 PM.jpeg
WhatsApp Image 2024-03-23 at 12.14.45 PM (1),Recepciones,,,Recepciones/WhatsApp Image 2024-03-23 at 12.14.45 PM (1).jpeg
122214649_176899127308250_1358519950818958331_n,Recepciones,,,Recepciones/122214649_176899127308250_1358519950818958331_n.jpg
b_compact-reception-desk-arcadia-componibili-gruppo-penta-243776-rel104f232d,Recepciones,,,Recepciones/b_compact-reception-desk-arcadia-componibili-gruppo-penta-243776-rel104f232d.jpg
b_compact-reception-desk-arcadia-componibili-gruppo-penta-243776-rel4203455a,Recepciones,,,Recepciones/b_compact-reception-desk-arcadia-componibili-gruppo-penta-243776-rel4203455a.jpg
OficinaColaborativasAktiva_44,Recepciones,,,Recepciones/OficinaColaborativasAktiva_44.jpg
OficinaColaborativasAktiva_42,Recepciones,,,Recepciones/OficinaColaborativasAktiva_42.jpg
Mekano1,Bibliotecas,,,Bibliotecas/Mekano1.jpg
Mekano_Galeria_2,Bibliotecas,,,Bibliotecas/Mekano_Galeria_2.jpg
Mekano_Galeria_7,Bibliotecas,,,Bibliotecas/Mekano_Galeria_7.jpg
Mekano_Galeria_8,Bibliotecas,,,Bibliotecas/Mekano_Galeria_8.jpg
Mekano2,Bibliotecas,,,Bibliotecas/Mekano2.jpg
Banner-3,Bibliotecas,,,Bibliotecas/Banner-3.jpg
Mekano_Galeria_1,Bibliotecas,,,Bibliotecas/Mekano_Galeria_1.jpg
BRITANIA-MODULAR-4-1,Bibliotecas,,,Bibliotecas/BRITANIA-MODULAR-4-1.jpg
Banner-2,Bibliotecas,,,Bibliotecas/Banner-2.jpg
Mekano3,Bibliotecas,,,Bibliotecas/Mekano3.jpg
BRITANIA-MODULAR-4-1 (1),Bibliotecas,,,Bibliotecas/BRITANIA-MODULAR-4-1 (1).jpg
BRITANIA-MODULAR-8-1,Bibliotecas,,,Bibliotecas/BRITANIA-MODULAR-8-1.jpg
BRITANIA-MODULAR-6-1,Bibliotecas,,,Bibliotecas/BRITANIA-MODULAR-6-1.jpg
Banner-1,Bibliotecas,,,Bibliotecas/Banner-1.jpg
B,Bibliotecas,,,Bibliotecas/B.jpg
BRITANIA-MODULAR-7-1,Bibliotecas,,,Bibliotecas/BRITANIA-MODULAR-7-1.jpg
biblioteca especial,Bibliotecas,,,Bibliotecas/biblioteca especial.png
biblioteca especisl,Bibliotecas,,,Bibliotecas/biblioteca especisl.png
Banner-4,Bibliotecas,,,Bibliotecas/Banner-4.jpg
BRITANIA-MODULAR-5-2,Bibliotecas,,,Bibliotecas/BRITANIA-MODULAR-5-2.jpg
biblioteca hb,Bibliotecas,,,Bibliotecas/biblioteca hb.png
A,Bibliotecas,,,Bibliotecas/A.jpg
Mekano_Galeria_4,Bibliotecas,,,Bibliotecas/Mekano_Galeria_4.jpg
Mekano_Galeria_5,Bibliotecas,,,Bibliotecas/Mekano_Galeria_5.jpg
DSC04029,Mesas,Mesas de Juntas,,Mesas/Mesas de Juntas/DSC04029.JPG
WhatsApp Image 2024-03-23 at 12.14.50 PM (3),Mesas,Mesas de Juntas,,Mesas/Mesas de Juntas/WhatsApp Image 2024-03-23 at 12.14.50 PM (3).jpeg
WhatsApp Image 2024-03-23 at 12.14.49 PM (1),Mesas,Mesas de Juntas,,Mesas/Mesas de Juntas/WhatsApp Image 2024-03-23 at 12.14.49 PM (1).jpeg
107242697_287710199132739_7063311631803424648_n,Mesas,Mesas de Juntas,,Mesas/Mesas de Juntas/107242697_287710199132739_7063311631803424648_n.jpg
DSC02185,Mesas,Mesas de Juntas,,Mesas/Mesas de Juntas/DSC02185.JPG
WhatsApp Image 2024-03-23 at 12.14.50 PM,Mesas,Mesas de Juntas,,Mesas/Mesas de Juntas/WhatsApp Image 2024-03-23 at 12.14.50 PM.jpeg
MESA DE JUNTA,Mesas,Mesas de Juntas,,Mesas/Mesas de Juntas/MESA DE JUNTA.png
WhatsApp Image 2024-03-23 at 12.14.50 PM (2),Mesas,Mesas de Juntas,,Mesas/Mesas de Juntas/WhatsApp Image 2024-03-23 at 12.14.50 PM (2).jpeg
Mesa rectangular,Mesas,Mesas de Juntas,,Mesas/Mesas de Juntas/Mesa rectangular.jpeg
Ofipartes - Mesa Tablet - Acabado Taup‚,Mesas de Juntas,Mesa Tablet,,Mesas/Mesas de Juntas/Mesa Tablet/Ofipartes - Mesa Tablet - Acabado Taup‚.jpg
Ofipartes Tablet Principal,Mesas de Juntas,Mesa Tablet,,Mesas/Mesas de Juntas/Mesa Tablet/Ofipartes Tablet Principal.jpg
Tablet - Ambiente Vertical 2,Mesas de Juntas,Mesa Tablet,,Mesas/Mesas de Juntas/Mesa Tablet/Tablet - Ambiente Vertical 2.jpg
Ofipartes - Mesa Tablet - Acabado Negro,Mesas de Juntas,Mesa Tablet,,Mesas/Mesas de Juntas/Mesa Tablet/Ofipartes - Mesa Tablet - Acabado Negro.jpg
Ofipartes - Mesa Tablet - Acabado Alpi Claro,Mesas de Juntas,Mesa Tablet,,Mesas/Mesas de Juntas/Mesa Tablet/Ofipartes - Mesa Tablet - Acabado Alpi Claro.jpg
Tablet - Ambiente Vertical,Mesas de Juntas,Mesa Tablet,,Mesas/Mesas de Juntas/Mesa Tablet/Tablet - Ambiente Vertical.jpg
Tablet - Ambiente picado,Mesas de Juntas,Mesa Tablet,,Mesas/Mesas de Juntas/Mesa Tablet/Tablet - Ambiente picado.jpg
Tablet - Ambiente Horizontal,Mesas de Juntas,Mesa Tablet,,Mesas/Mesas de Juntas/Mesa Tablet/Tablet - Ambiente Horizontal.jpg
Portada,Mesas de Juntas,Mesa Tablet,,Mesas/Mesas de Juntas/Mesa Tablet/Portada.jpg
Ofipartes - Mesa Tablet - Superficies,Mesas de Juntas,Mesa Tablet,,Mesas/Mesas de Juntas/Mesa Tablet/Ofipartes - Mesa Tablet - Superficies.jpg
Ofipartes - Mesa Tablet - Acabado Gris,Mesas de Juntas,Mesa Tablet,,Mesas/Mesas de Juntas/Mesa Tablet/Ofipartes - Mesa Tablet - Acabado Gris.jpg
Ofipartes - Tablet Sala de Espera,Mesas de Juntas,Mesa Tablet,,Mesas/Mesas de Juntas/Mesa Tablet/Ofipartes - Tablet Sala de Espera.jpg
Mañana+ruedas,Mesas,Bases abatibles,,Mesas/Bases abatibles/Mañana+ruedas.jpg
Portada+ruedas,Mesas,Bases abatibles,,Mesas/Bases abatibles/Portada+ruedas.jpg
Grupo copia,Mesas,Bases abatibles,,Mesas/Bases abatibles/Grupo copia.jpg
Presentación,Mesas,Bases abatibles,,Mesas/Bases abatibles/Presentación.jpg
Mañana,Mesas,Bases abatibles,,Mesas/Bases abatibles/Mañana.jpg
Accionamiento,Mesas,Bases abatibles,,Mesas/Bases abatibles/Accionamiento.jpg
14 corregida,Mesas,Bases abatibles,,Mesas/Bases abatibles/14 corregida.jpg
Individual+ruedas,Mesas,Bases abatibles,,Mesas/Bases abatibles/Individual+ruedas.jpg
Presentación+ruedas,Mesas,Bases abatibles,,Mesas/Bases abatibles/Presentación+ruedas.jpg
Abatible,Mesas,Bases abatibles,,Mesas/Bases abatibles/Abatible.jpg
Grupo+ruedas,Mesas,Bases abatibles,,Mesas/Bases abatibles/Grupo+ruedas.jpg
Individual,Mesas,Bases abatibles,,Mesas/Bases abatibles/Individual.jpg
3,Mesas,Bases abatibles,,Mesas/Bases abatibles/03.jpg
Portada ,Mesas,Bases abatibles,,Mesas/Bases abatibles/Portada .jpg
Italy Principal,Mesas,Bases abatibles,,Mesas/Bases abatibles/Italy Principal.jpg
Ave Post,Mesas,Ave,,Mesas/Ave/Ave Post.jpg
Ofipartes Ave Lounge Detalle,Mesas,Ave,,Mesas/Ave/Ofipartes Ave Lounge Detalle.jpg
Portada Ave,Mesas,Ave,,Mesas/Ave/Portada Ave.jpg
Ofipartes Ave Alturas Lounge,Mesas,Ave,,Mesas/Ave/Ofipartes Ave Alturas Lounge.jpg
Ofipartes Ave Lounge,Mesas,Ave,,Mesas/Ave/Ofipartes Ave Lounge.jpg
Ofipartes Ave Principal,Mesas,Ave,,Mesas/Ave/Ofipartes Ave Principal.jpg
Ambiente Ave,Mesas,Ave,,Mesas/Ave/Ambiente Ave.jpg
Ave,Mesas,Ave,,Mesas/Ave/Ave.jpg
Patas AVE -02,Mesas,Ave,,Mesas/Ave/Patas AVE -02.jpg
Ave altura,Mesas,Ave,,Mesas/Ave/Ave altura.jpg
1,Mesas,Oficinas Gerenciales,,Mesas/Oficinas Gerenciales/1.jpg
summitEscritorioConfama01,Mesas,Oficinas Gerenciales,,Mesas/Oficinas Gerenciales/summitEscritorioConfama01.jpg
5,Mesas,Oficinas Gerenciales,,Mesas/Oficinas Gerenciales/5.jpg
6,Mesas,Oficinas Gerenciales,,Mesas/Oficinas Gerenciales/6.jpg
2,Mesas,Oficinas Gerenciales,,Mesas/Oficinas Gerenciales/2.jpg
3,Mesas,Oficinas Gerenciales,,Mesas/Oficinas Gerenciales/3.jpg
OficinaEjecutivaSummit_04,Mesas,Oficinas Gerenciales,,Mesas/Oficinas Gerenciales/OficinaEjecutivaSummit_04.jpg
104362193_800731803794879_590990202020921650_n(1),Mesas,Oficinas Gerenciales,,Mesas/Oficinas Gerenciales/104362193_800731803794879_590990202020921650_n(1).jpg
OficinaEjecutivaSummit_16,Mesas,Oficinas Gerenciales,,Mesas/Oficinas Gerenciales/OficinaEjecutivaSummit_16.jpg
WhatsApp Image 2024-03-23 at 12.14.48 PM,Mesas,Oficinas Gerenciales,,Mesas/Oficinas Gerenciales/WhatsApp Image 2024-03-23 at 12.14.48 PM.jpeg
4,Mesas,Oficinas Gerenciales,,Mesas/Oficinas Gerenciales/4.jpg
OficinaEjecutivaSummit_17,Mesas,Oficinas Gerenciales,,Mesas/Oficinas Gerenciales/OficinaEjecutivaSummit_17.jpg
104362193_800731803794879_590990202020921650_n,Mesas,Oficinas Gerenciales,,Mesas/Oficinas Gerenciales/104362193_800731803794879_590990202020921650_n.jpg
WhatsApp Image 2024-03-23 at 12.14.45 PM (2),Mesas,Oficinas Gerenciales,,Mesas/Oficinas Gerenciales/WhatsApp Image 2024-03-23 at 12.14.45 PM (2).jpeg
OficinaEjecutivaSummit_08,Mesas,Oficinas Gerenciales,,Mesas/Oficinas Gerenciales/OficinaEjecutivaSummit_08.jpg
WhatsApp Image 2024-03-23 at 12.14.45 PM,Mesas,Oficinas Gerenciales,,Mesas/Oficinas Gerenciales/WhatsApp Image 2024-03-23 at 12.14.45 PM.jpeg
OficinaEjecutivaSummit_05,Mesas,Oficinas Gerenciales,,Mesas/Oficinas Gerenciales/OficinaEjecutivaSummit_05.jpg
OficinaEjecutivaSummit_03,Mesas,Oficinas Gerenciales,,Mesas/Oficinas Gerenciales/OficinaEjecutivaSummit_03.jpg
Tótem + rodachinas Showroom,Sillas,Totem,,Sillas/Totem/Tótem + rodachinas Showroom.jpg
Tótem Showroom,Sillas,Totem,,Sillas/Totem/Tótem Showroom.jpg
Tótem - NG - Apilado,Sillas,Totem,,Sillas/Totem/Tótem - NG - Apilado.jpg
Tótem - Blancas - Estudio,Sillas,Totem,,Sillas/Totem/Tótem - Blancas - Estudio.jpg
Tótem - Oficina Abierta,Sillas,Totem,,Sillas/Totem/Tótem - Oficina Abierta.jpg
Tótem - Biblioteca,Sillas,Totem,,Sillas/Totem/Tótem - Biblioteca.jpg
Tótem - Ruedas apiladas - Estudio,Sillas,Totem,,Sillas/Totem/Tótem - Ruedas apiladas - Estudio.jpg
Tótem - Todas las versiones - Estudio,Sillas,Totem,,Sillas/Totem/Tótem - Todas las versiones - Estudio.jpg
Tótem - Biblioteca 2,Sillas,Totem,,Sillas/Totem/Tótem - Biblioteca 2.jpg
Ofipartes Tótem Principal,Sillas,Totem,,Sillas/Totem/Ofipartes Tótem Principal.jpg
Tótem - Biblioteca 3,Sillas,Totem,,Sillas/Totem/Tótem - Biblioteca 3.jpg
Zuhe-Gris-2-bloqueos-cabecero-malla,Sillas,Zuhé gris,,Sillas/Zuhé gris/Zuhe-Gris-2-bloqueos-cabecero-malla.jpg
Zuhé-Tapizada-Gris,Sillas,Zuhé gris,,Sillas/Zuhé gris/Zuhé-Tapizada-Gris.jpg
Ofipartes-Zuhé-Gris-Sala-de-juntas,Sillas,Zuhé gris,,Sillas/Zuhé gris/Ofipartes-Zuhé-Gris-Sala-de-juntas.jpg
Zuhé-Gris-Vertical,Sillas,Zuhé gris,,Sillas/Zuhé gris/Zuhé-Gris-Vertical.jpg
Zuhé-gris-versiones,Sillas,Zuhé gris,,Sillas/Zuhé gris/Zuhé-gris-versiones.jpg
Detalle-Zuhé-Gris,Sillas,Zuhé gris,,Sillas/Zuhé gris/Detalle-Zuhé-Gris.jpg
Drop Comedores_v3,Sillas,Drop,,Sillas/Drop/Drop Comedores_v3.jpg
Ofipartes Drop Inza Cobalto,Sillas,Drop,,Sillas/Drop/Ofipartes Drop Inza Cobalto.jpg
drop-planta-ofipartes 2,Sillas,Drop,,Sillas/Drop/drop-planta-ofipartes 2.jpg
Detalle Drop Detalle cobalto,Sillas,Drop,,Sillas/Drop/Detalle Drop Detalle cobalto.jpg
Drop Comedores_v4,Sillas,Drop,,Sillas/Drop/Drop Comedores_v4.jpg
Drop Comedores,Sillas,Drop,,Sillas/Drop/Drop Comedores.jpg
Drop Tortora 1,Sillas,Drop,,Sillas/Drop/Drop Tortora 1.jpg
Oficina Abierta Drop Fura,Sillas,Drop,,Sillas/Drop/Oficina Abierta Drop Fura.jpg
Drop Reuniones Informales,Sillas,Drop,,Sillas/Drop/Drop Reuniones Informales.jpg
Ofipartes Drop Swiss - Reuniones informales,Sillas,Drop,,Sillas/Drop/Ofipartes Drop Swiss - Reuniones informales.jpg
drop-oliva-III-ofipartes,Sillas,Drop,,Sillas/Drop/drop-oliva-III-ofipartes.jpg
Ofipartes Detalle Drop,Sillas,Drop,,Sillas/Drop/Ofipartes Detalle Drop.jpg
Ofipartes Drop 4 patas en madera,Sillas,Drop,,Sillas/Drop/Ofipartes Drop 4 patas en madera.jpg
Detalle Drop Detalle blanco,Sillas,Drop,,Sillas/Drop/Detalle Drop Detalle blanco.jpg
Drop terrazas,Sillas,Drop,,Sillas/Drop/Drop terrazas.jpg
Drop Exteriores,Sillas,Drop,,Sillas/Drop/Drop Exteriores.jpg
Ofipartes Drop Principal,Sillas,Drop,,Sillas/Drop/Ofipartes Drop Principal.jpg
Ofipartes Drop 4 patas madera - Reuniones informales,Sillas,Drop,,Sillas/Drop/Ofipartes Drop 4 patas madera - Reuniones informales.jpg
drop-swiss-home-office,Sillas,Drop,,Sillas/Drop/drop-swiss-home-office.jpg
Drop Portada,Sillas,Drop,,Sillas/Drop/Drop Portada.jpg
Copia de Drop Ambiente corregida,Sillas,Drop,,Sillas/Drop/Copia de Drop Ambiente corregida.jpg
Drop Fura Cobalto,Sillas,Drop,,Sillas/Drop/Drop Fura Cobalto.jpg
Drop Tortora,Sillas,Drop,,Sillas/Drop/Drop Tortora.jpg
Ofipartes Drop Inza - Reuniones informales,Sillas,Drop,,Sillas/Drop/Ofipartes Drop Inza - Reuniones informales.jpg
Drop Ambiente corregida,Sillas,Drop,,Sillas/Drop/Drop Ambiente corregida.jpg
Drop 4 Patas madera,Sillas,Drop,,Sillas/Drop/Drop 4 Patas madera.jpg
Detalle Drop Detalle mostaza,Sillas,Drop,,Sillas/Drop/Detalle Drop Detalle mostaza.jpg
Drop Blanca 2,Sillas,Drop,,Sillas/Drop/Drop Blanca 2.jpg
Ofipartes Drop Apiladas,Sillas,Drop,,Sillas/Drop/Ofipartes Drop Apiladas.jpg
drop-oliva-ofipartes,Sillas,Drop,,Sillas/Drop/drop-oliva-ofipartes.jpg
Drop Tortora 4,Sillas,Drop,,Sillas/Drop/Drop Tortora 4.jpg
drop-oliva-II-ofipartes,Sillas,Drop,,Sillas/Drop/drop-oliva-II-ofipartes.jpg
Drop Tortora 2,Sillas,Drop,,Sillas/Drop/Drop Tortora 2.jpg
Drop Ambiente colores,Sillas,Drop,,Sillas/Drop/Drop Ambiente colores.jpg
Drop Comedores_v2,Sillas,Drop,,Sillas/Drop/Drop Comedores_v2.jpg
Drop Barras,Sillas,Drop,,Sillas/Drop/Drop Barras.jpg
Colores Drop Principal,Sillas,Drop,,Sillas/Drop/Colores Drop Principal.jpg
OfipartesZuh‚ - Espaldar Tapizado - F,Sillas,Zuhé tapizada,,Sillas/Zuhé tapizada/OfipartesZuh‚ - Espaldar Tapizado - F.jpg
Ofipartes Zuh‚ Tapizada - Home Office,Sillas,Zuhé tapizada,,Sillas/Zuhé tapizada/Ofipartes Zuh‚ Tapizada - Home Office.jpg
Ofipartes Zuh‚ Espaldar Tapizado,Sillas,Zuhé tapizada,,Sillas/Zuhé tapizada/Ofipartes Zuh‚ Espaldar Tapizado.jpg
Ofipartes Zuh‚ Tapizada Principal,Sillas,Zuhé tapizada,,Sillas/Zuhé tapizada/Ofipartes Zuh‚ Tapizada Principal.jpg
Ofipartes Zuh‚ Tapizada - Oficina Privada,Sillas,Zuhé tapizada,,Sillas/Zuhé tapizada/Ofipartes Zuh‚ Tapizada - Oficina Privada.jpg
Ofipartes Zuh‚ - Espaldar-Tapizado-DF,Sillas,Zuhé tapizada,,Sillas/Zuhé tapizada/Ofipartes Zuh‚ - Espaldar-Tapizado-DF.jpg
Ofipartes Zuh‚ Tapizada - Oficina Abierta,Sillas,Zuhé tapizada,,Sillas/Zuhé tapizada/Ofipartes Zuh‚ Tapizada - Oficina Abierta.jpg
Ofipartes Zuh‚ - Espaldar Tapizado - T,Sillas,Zuhé tapizada,,Sillas/Zuhé tapizada/Ofipartes Zuh‚ - Espaldar Tapizado - T.jpg
Ofipartes Zuh‚ Tapizada - Blanca Oficina,Sillas,Zuhé tapizada,,Sillas/Zuhé tapizada/Ofipartes Zuh‚ Tapizada - Blanca Oficina.jpg
Zuhé Tapizada Detalle,Sillas,Zuhé tapizada,,Sillas/Zuhé tapizada/Zuhé Tapizada Detalle.jpg
Ofipartes Zuh‚ Tapizada - Portada Brochure,Sillas,Zuhé tapizada,,Sillas/Zuhé tapizada/Ofipartes Zuh‚ Tapizada - Portada Brochure.jpg
Q1 Media Base Alpha Diagonal Trasera,Sillas,Q1 media,,Sillas/Q1 media/Q1 Media Base Alpha Diagonal Trasera.jpg
Q1 Media Basculante,Sillas,Q1 media,,Sillas/Q1 media/Q1 Media Basculante.jpg
Q1 Media Cajero,Sillas,Q1 media,,Sillas/Q1 media/Q1 Media Cajero.jpg
Q1 Media 1,Sillas,Q1 media,,Sillas/Q1 media/Q1 Media 1.jpg
Q1 Media oficina abierta,Sillas,Q1 media,,Sillas/Q1 media/Q1 Media oficina abierta.jpg
Q1 Media 2,Sillas,Q1 media,,Sillas/Q1 media/Q1 Media 2.jpg
Q1 Media Base Alpha Diagonal Frontal,Sillas,Q1 media,,Sillas/Q1 media/Q1 Media Base Alpha Diagonal Frontal.jpg
Principal Media,Sillas,Q1 media,,Sillas/Q1 media/Principal Media.jpg
Q1 Media asiento Sisax,Sillas,Q1 media,,Sillas/Q1 media/Q1 Media asiento Sisax.jpg
Q1 Media,Sillas,Q1 media,,Sillas/Q1 media/Q1 Media.jpg
Q1 Media Oficina Privada,Sillas,Q1 media,,Sillas/Q1 media/Q1 Media Oficina Privada.jpg
Q1 Media Base Alpha Lateral,Sillas,Q1 media,,Sillas/Q1 media/Q1 Media Base Alpha Lateral.jpg
Q1 Media Entrega inmediata,Sillas,Q1 media,,Sillas/Q1 media/Q1 Media Entrega inmediata.jpg
Q1Media_OficinaPrivada,Sillas,Q1 media,,Sillas/Q1 media/Q1Media_OficinaPrivada.jpg
Gris,Sillas,Tesis,,Sillas/Tesis/Gris.jpg
Oliva,Sillas,Tesis,,Sillas/Tesis/Oliva.jpg
Tesis Barú Clase Mostaza,Sillas,Tesis,,Sillas/Tesis/Tesis Barú Clase Mostaza.jpg
Silla Educaciขn Tesis Barฃ Clase Blanco,Sillas,Tesis,,Sillas/Tesis/Silla Educaciขn Tesis Barฃ Clase Blanco.jpg
drop-tesis-aula-4,Sillas,Tesis,,Sillas/Tesis/drop-tesis-aula-4.jpg
tesis-varios-cenital,Sillas,Tesis,,Sillas/Tesis/tesis-varios-cenital.jpg
Atributos tesis,Sillas,Tesis,,Sillas/Tesis/Atributos tesis.jpg
Silla Educaciขn Tesis Drop Clase Gris,Sillas,Tesis,,Sillas/Tesis/Silla Educaciขn Tesis Drop Clase Gris.jpg
Ofipartes Tesis Versiones,Sillas,Tesis,,Sillas/Tesis/Ofipartes Tesis Versiones.jpg
Cobalto,Sillas,Tesis,,Sillas/Tesis/Cobalto.jpg
drop-tesis-aula-2,Sillas,Tesis,,Sillas/Tesis/drop-tesis-aula-2.jpg
Arena_,Sillas,Tesis,,Sillas/Tesis/Arena_.jpg
Tesis_bases,Sillas,Tesis,,Sillas/Tesis/Tesis_bases.jpg
Silla Educaciขn Tesis Barฃ Clase Marino,Sillas,Tesis,,Sillas/Tesis/Silla Educaciขn Tesis Barฃ Clase Marino.jpg
Tesis Barú Clase Taupéjpg,Sillas,Tesis,,Sillas/Tesis/Tesis Barú Clase Taupéjpg.jpg
Carbón,Sillas,Tesis,,Sillas/Tesis/Carbón.jpg
Barú Tesis - Ambiente,Sillas,Tesis,,Sillas/Tesis/Barú Tesis - Ambiente.jpg
Principal,Sillas,Tesis,,Sillas/Tesis/Principal.jpg
drop-tesis-aula-3,Sillas,Tesis,,Sillas/Tesis/drop-tesis-aula-3.jpg
Mostaza,Sillas,Tesis,,Sillas/Tesis/Mostaza.jpg
drop-tesis-mostaza-movimiento,Sillas,Tesis,,Sillas/Tesis/drop-tesis-mostaza-movimiento.jpg
drop-tesis-mostaza-,Sillas,Tesis,,Sillas/Tesis/drop-tesis-mostaza-.jpg
Oliva+Negro,Sillas,Tesis,,Sillas/Tesis/Oliva+Negro.jpg
drop-tesis-aula-5,Sillas,Tesis,,Sillas/Tesis/drop-tesis-aula-5.jpg
drop-tesis-giro-tabla,Sillas,Tesis,,Sillas/Tesis/drop-tesis-giro-tabla.jpg
Ofipartes Bar｣ Tesis Ambiente,Sillas,Tesis,,Sillas/Tesis/Ofipartes Bar｣ Tesis Ambiente.jpg
drop-tesis-aula-1,Sillas,Tesis,,Sillas/Tesis/drop-tesis-aula-1.jpg
Blanco,Sillas,Tesis,,Sillas/Tesis/Blanco.jpg
Version1,Sillas,Wiwa malla,,Sillas/Wiwa malla/Version1.jpg
Version2,Sillas,Wiwa malla,,Sillas/Wiwa malla/Version2.jpg
WIWA_RIDE_EPRON_LOOP,Sillas,Wiwa malla,,Sillas/Wiwa malla/WIWA_RIDE_EPRON_LOOP.jpg
Ofipartes - Wiwa - Oficina Privada,Sillas,Wiwa malla,,Sillas/Wiwa malla/Ofipartes - Wiwa - Oficina Privada.png
Oficina privada 1,Sillas,Wiwa malla,,Sillas/Wiwa malla/Oficina privada 1.jpg
Oficina privada 2,Sillas,Wiwa malla,,Sillas/Wiwa malla/Oficina privada 2.jpg
Oficina privada 3,Sillas,Wiwa malla,,Sillas/Wiwa malla/Oficina privada 3.jpg
Ofipartes Wiwa Ajuste Alturas Oficina Abierta,Sillas,Wiwa malla,,Sillas/Wiwa malla/Ofipartes Wiwa Ajuste Alturas Oficina Abierta.jpg
SL1,Sillas,Wiwa malla,,Sillas/Wiwa malla/SL1.jpg
Portada Brochure,Sillas,Wiwa malla,,Sillas/Wiwa malla/Portada Brochure.jpg
Oficina abierta 1,Sillas,Wiwa malla,,Sillas/Wiwa malla/Oficina abierta 1.jpg
Ofipartes - Wiwa - Oficina Abierta,Sillas,Wiwa malla,,Sillas/Wiwa malla/Ofipartes - Wiwa - Oficina Abierta.jpg
SL3,Sillas,Wiwa malla,,Sillas/Wiwa malla/SL3.jpg
Oficina abierta 2,Sillas,Wiwa malla,,Sillas/Wiwa malla/Oficina abierta 2.jpg
SL2,Sillas,Wiwa malla,,Sillas/Wiwa malla/SL2.jpg
Nueva portada,Sillas,Wiwa malla,,Sillas/Wiwa malla/Nueva portada.jpg
Luna hogar,Sillas,Luna,,Sillas/Luna/Luna hogar.jpg
Ofipartes Cat logo Poltrona Luna,Sillas,Luna,,Sillas/Luna/Ofipartes Cat logo Poltrona Luna.jpg
Luna Ambiente,Sillas,Luna,,Sillas/Luna/Luna Ambiente.jpg
Ofipartes Poltrona Luna base Inza - Sala de Reuniones,Sillas,Luna,,Sillas/Luna/Ofipartes Poltrona Luna base Inza - Sala de Reuniones.jpg
Luna Portada Catálogo,Sillas,Luna,,Sillas/Luna/Luna Portada Catálogo.jpg
Ofipartes Poltrona Luna lกnea de producciขn,Sillas,Luna,,Sillas/Luna/Ofipartes Poltrona Luna lกnea de producciขn.jpg
luna-home-office-ofipartes,Sillas,Luna,,Sillas/Luna/luna-home-office-ofipartes.jpg
luna-detalle-home-office-ofipartes,Sillas,Luna,,Sillas/Luna/luna-detalle-home-office-ofipartes.jpg
banner-luna-ofipartes-soft-seating,Sillas,Luna,,Sillas/Luna/banner-luna-ofipartes-soft-seating.jpg
Luna Diferentes,Sillas,Luna,,Sillas/Luna/Luna Diferentes.jpg
fura-homeoffice-luna-poltrona,Sillas,Luna,,Sillas/Luna/fura-homeoffice-luna-poltrona.jpg
Lunas,Sillas,Luna,,Sillas/Luna/Lunas.jpg
ofipartes_fabricacion_luna,Sillas,Luna,,Sillas/Luna/ofipartes_fabricacion_luna.jpg
luna-inza-home-office-ofipartes,Sillas,Luna,,Sillas/Luna/luna-inza-home-office-ofipartes.jpg
Ofipartes Luna Versiones,Sillas,Luna,,Sillas/Luna/Ofipartes Luna Versiones.jpg
Ofipartes Poltrona Luna base 4 apoyos con mesa Wing,Sillas,Luna,,Sillas/Luna/Ofipartes Poltrona Luna base 4 apoyos con mesa Wing.jpg
Detalle Costura,Sillas,Luna,,Sillas/Luna/Detalle Costura.jpg
Ofipartes Poltrona Luna base 4 Apoyos en oficina abierta,Sillas,Luna,,Sillas/Luna/Ofipartes Poltrona Luna base 4 Apoyos en oficina abierta.jpg
Ofipartes Poltrona Luna Base Fura con mesa Ermete,Sillas,Luna,,Sillas/Luna/Ofipartes Poltrona Luna Base Fura con mesa Ermete.jpg
Ofipartes Silla Q1 detalle espaldar,Sillas,Q1 alta,,Sillas/Q1 alta/Ofipartes Silla Q1 detalle espaldar.jpg
Detalle espaldar blanco,Sillas,Q1 alta,,Sillas/Q1 alta/Detalle espaldar blanco.jpg
Q1 Interlocutora,Sillas,Q1 alta,,Sillas/Q1 alta/Q1 Interlocutora.jpg
Principal Alta,Sillas,Q1 alta,,Sillas/Q1 alta/Principal Alta.jpg
Ofipartes Silla Q1 Negra estudio,Sillas,Q1 alta,,Sillas/Q1 alta/Ofipartes Silla Q1 Negra estudio.jpg
Q1Blanca_OficinaPrivada,Sillas,Q1 alta,,Sillas/Q1 alta/Q1Blanca_OficinaPrivada.jpg
Ciclograma Q1 corregida,Sillas,Q1 alta,,Sillas/Q1 alta/Ciclograma Q1 corregida.jpg
Q1 Alta Negra Oficina Abierta,Sillas,Q1 alta,,Sillas/Q1 alta/Q1 Alta Negra Oficina Abierta.jpg
Portada Q1 Alta,Sillas,Q1 alta,,Sillas/Q1 alta/Portada Q1 Alta.jpg
Q1Blanca_Detalle,Sillas,Q1 alta,,Sillas/Q1 alta/Q1Blanca_Detalle.jpg
Q1 contextualizada vertical,Sillas,Q1 alta,,Sillas/Q1 alta/Q1 contextualizada vertical.jpg
Q1 Oficina Abierta 2 corregida,Sillas,Q1 alta,,Sillas/Q1 alta/Q1 Oficina Abierta 2 corregida.jpg
Ofipartes Silla Q1 Blanca Oficina abierta espaldar,Sillas,Q1 alta,,Sillas/Q1 alta/Ofipartes Silla Q1 Blanca Oficina abierta espaldar.jpg
Q1 Ride,Sillas,Q1 alta,,Sillas/Q1 alta/Q1 Ride.jpg
Ofipartes Silla Q1 Blanca estudio,Sillas,Q1 alta,,Sillas/Q1 alta/Ofipartes Silla Q1 Blanca estudio.jpg
Ofipartes Silla Q1 Base Dubai,Sillas,Q1 alta,,Sillas/Q1 alta/Ofipartes Silla Q1 Base Dubai.jpg
Ofipartes Silla Q1 Blanca Oficina abierta,Sillas,Q1 alta,,Sillas/Q1 alta/Ofipartes Silla Q1 Blanca Oficina abierta.jpg
Detalle Espaldar Q1,Sillas,Q1 alta,,Sillas/Q1 alta/Detalle Espaldar Q1.jpg
Zuhé Detalle,Sillas,Zuhé malla,,Sillas/Zuhé malla/Zuhé Detalle.jpg
Ofipartes Silla Zuh‚ Blanca,Sillas,Zuhé malla,,Sillas/Zuhé malla/Ofipartes Silla Zuh‚ Blanca.jpg
Zuhé Vertical,Sillas,Zuhé malla,,Sillas/Zuhé malla/Zuhé Vertical.jpg
Acabado Eco Canvas - TVO Gris,Sillas,Zuhé malla,,Sillas/Zuhé malla/Acabado Eco Canvas - TVO Gris.jpg
Ofipartes Silla Zuhe Espaldar Negro,Sillas,Zuhé malla,,Sillas/Zuhé malla/Ofipartes Silla Zuhe Espaldar Negro.jpg
Zuhé Blancas,Sillas,Zuhé malla,,Sillas/Zuhé malla/Zuhé Blancas.jpg
Ofipartes Silla Zuh‚ Blanca - Oficina Abierta,Sillas,Zuhé malla,,Sillas/Zuhé malla/Ofipartes Silla Zuh‚ Blanca - Oficina Abierta.jpg
Zuhé Pórtada,Sillas,Zuhé malla,,Sillas/Zuhé malla/Zuhé Pórtada.jpg
Detalle Eco Canvas,Sillas,Zuhé malla,,Sillas/Zuhé malla/Detalle Eco Canvas.jpg
Ofipartes Silla Zuhe Espaldar Blanco,Sillas,Zuhé malla,,Sillas/Zuhé malla/Ofipartes Silla Zuhe Espaldar Blanco.jpg
Cenital Zuhé,Sillas,Zuhé malla,,Sillas/Zuhé malla/Cenital Zuhé.jpg
Principal,Sillas,Zuhé malla,,Sillas/Zuhé malla/Principal.jpg
Ofipartes Silla Zuhe Oficina Privada,Sillas,Zuhé malla,,Sillas/Zuhé malla/Ofipartes Silla Zuhe Oficina Privada.jpg
Ofipartes Silla Zuh‚ - Blanca en estudio,Sillas,Zuhé malla,,Sillas/Zuhé malla/Ofipartes Silla Zuh‚ - Blanca en estudio.jpg
Ofipartes Zuhé - Sala de juntas,Sillas,Zuhé malla,,Sillas/Zuhé malla/Ofipartes Zuhé - Sala de juntas.jpg
Ofipartes Silla Zuh‚ - Negra en estudio,Sillas,Zuhé malla,,Sillas/Zuhé malla/Ofipartes Silla Zuh‚ - Negra en estudio.jpg
Zuhé-Irlanda-Ambiente,Sillas,Zuhé malla,,Sillas/Zuhé malla/Zuhé-Irlanda-Ambiente.jpg
16. BOOM - AGENDA 2023 - FINAL FULL 300 PPP,Sillas,Sillas Ambientadas,,Sillas/Sillas Ambientadas/16. BOOM - AGENDA 2023 - FINAL FULL 300 PPP.jpg
TEST-BAR---PATRICK-3,Sillas,Sillas Ambientadas,,Sillas/Sillas Ambientadas/TEST-BAR---PATRICK-3.jpg
19. FOLDY - AGENDA 2023 - FULL FINAL 300 PPP,Sillas,Sillas Ambientadas,,Sillas/Sillas Ambientadas/19. FOLDY - AGENDA 2023 - FULL FINAL 300 PPP.jpg
15. TANDEM LOGAN - AGENDA 2023 - FINAL FULL 300 PPP,Sillas,Sillas Ambientadas,,Sillas/Sillas Ambientadas/15. TANDEM LOGAN - AGENDA 2023 - FINAL FULL 300 PPP.jpg
LEO - BANNER - FINAL - FULL 300 PPP,Sillas,Sillas Ambientadas,,Sillas/Sillas Ambientadas/LEO - BANNER - FINAL - FULL 300 PPP.jpg
TEST - PROVE VELA - 2 - FULL,Sillas,Sillas Ambientadas,,Sillas/Sillas Ambientadas/TEST - PROVE VELA - 2 - FULL.jpg
10. LIA - AGENDA 2023 - FINAL FULL 300 PPP,Sillas,Sillas Ambientadas,,Sillas/Sillas Ambientadas/10. LIA - AGENDA 2023 - FINAL FULL 300 PPP.jpg
4. DELPHI 2 - AGENDA 2023 - FINAL FULL 300 PPP,Sillas,Sillas Ambientadas,,Sillas/Sillas Ambientadas/4. DELPHI 2 - AGENDA 2023 - FINAL FULL 300 PPP.jpg
1. BURO - AGENDA 2023 - FULL FINAL 300 PPP,Sillas,Sillas Ambientadas,,Sillas/Sillas Ambientadas/1. BURO - AGENDA 2023 - FULL FINAL 300 PPP.jpg
KIRO - AMBIENTADA - FULL - 300 PPP,Sillas,Sillas Ambientadas,,Sillas/Sillas Ambientadas/KIRO - AMBIENTADA - FULL - 300 PPP.jpg
VOLGA - FINAL FULL,Sillas,Sillas Ambientadas,,Sillas/Sillas Ambientadas/VOLGA - FINAL FULL.png
TEST - PROVE VELA - 1 - FULL,Sillas,Sillas Ambientadas,,Sillas/Sillas Ambientadas/TEST - PROVE VELA - 1 - FULL.jpg
7. TANDEM PRISMA - AGENDA 2023 - FINAL FULL 300 PPP,Sillas,Sillas Ambientadas,,Sillas/Sillas Ambientadas/7. TANDEM PRISMA - AGENDA 2023 - FINAL FULL 300 PPP.jpg
22. VICK - AGENDA 2023 - FINAL FULL 300 PPP,Sillas,Sillas Ambientadas,,Sillas/Sillas Ambientadas/22. VICK - AGENDA 2023 - FINAL FULL 300 PPP.jpg
TEST - PROVE VELA - 3 - FULL,Sillas,Sillas Ambientadas,,Sillas/Sillas Ambientadas/TEST - PROVE VELA - 3 - FULL.jpg
COCCOLONA - CE - FINAL 300 PPP,Sillas,Sillas Ambientadas,,Sillas/Sillas Ambientadas/COCCOLONA - CE - FINAL 300 PPP.jpg
3. TANDEM AEROPUERTO - AGENDA 2023 - FULL FINAL 300 PPP,Sillas,Sillas Ambientadas,,Sillas/Sillas Ambientadas/3. TANDEM AEROPUERTO - AGENDA 2023 - FULL FINAL 300 PPP.jpg
9. CLAY - AGENDA 2023 - FINAL FULL 300 PPP,Sillas,Sillas Ambientadas,,Sillas/Sillas Ambientadas/9. CLAY - AGENDA 2023 - FINAL FULL 300 PPP.jpg
NOHA_1,Sillas,Sillas Ambientadas,,Sillas/Sillas Ambientadas/NOHA_1.jpeg
20. MISURI - AGENDA 2023 - FULL FINAL 300 PPP,Sillas,Sillas Ambientadas,,Sillas/Sillas Ambientadas/20. MISURI - AGENDA 2023 - FULL FINAL 300 PPP.jpg
EMI OLIVA - FULL FINAL,Sillas,Sillas Ambientadas,,Sillas/Sillas Ambientadas/EMI OLIVA - FULL FINAL.jpg
2. THINK - AGENDA 2023 - FINAL FULL 300 PPP,Sillas,Sillas Ambientadas,,Sillas/Sillas Ambientadas/2. THINK - AGENDA 2023 - FINAL FULL 300 PPP.jpg
mesa-tulip-con-4-sillas-eames-dsw-3b5c9a9c55f8afae0715126372919715-1024-1024,Sillas,Sillas Ambientadas,,Sillas/Sillas Ambientadas/mesa-tulip-con-4-sillas-eames-dsw-3b5c9a9c55f8afae0715126372919715-1024-1024.jpg
AMBIENTE-POPPY---FINAL-FULL,Sillas,Sillas Ambientadas,,Sillas/Sillas Ambientadas/AMBIENTE-POPPY---FINAL-FULL.jpg
cadeira-charles-eames,Sillas,Sillas Ambientadas,,Sillas/Sillas Ambientadas/cadeira-charles-eames.jpg
25. MONK - AGENDA 2023 - FINAL FULL 300 PPP,Sillas,Sillas Ambientadas,,Sillas/Sillas Ambientadas/25. MONK - AGENDA 2023 - FINAL FULL 300 PPP.jpg
RENDER-LIZ---FULL-,Sillas,Sillas Ambientadas,,Sillas/Sillas Ambientadas/RENDER-LIZ---FULL-.jpg
BOOM - FINAL FULL,Sillas,Sillas Ambientadas,,Sillas/Sillas Ambientadas/BOOM - FINAL FULL.png
5. MOVIE - AGENDA 2023 - FINAL FULL 300 PPP,Sillas,Sillas Ambientadas,,Sillas/Sillas Ambientadas/5. MOVIE - AGENDA 2023 - FINAL FULL 300 PPP.jpg
RENDER - EAMES BLANCAS - ECUADOR - FULL,Sillas,Sillas Ambientadas,,Sillas/Sillas Ambientadas/RENDER - EAMES BLANCAS - ECUADOR - FULL.jpg
13. Q5 - AGENDA 2023 - FINAL FULL 300 PPP,Sillas,Sillas Ambientadas,,Sillas/Sillas Ambientadas/13. Q5 - AGENDA 2023 - FINAL FULL 300 PPP.jpg
CONTRACT - ECU Y PERU - BOOM - FINAL - 300 PPP,Sillas,Sillas Ambientadas,,Sillas/Sillas Ambientadas/CONTRACT - ECU Y PERU - BOOM - FINAL - 300 PPP.jpg
BURO - DDI - COL - FULL - 300 PPP,Sillas,Sillas Ambientadas,,Sillas/Sillas Ambientadas/BURO - DDI - COL - FULL - 300 PPP.jpg
26. DIVA - AGENDA 2023 - FINAL FULL 300 PPP,Sillas,Sillas Ambientadas,,Sillas/Sillas Ambientadas/26. DIVA - AGENDA 2023 - FINAL FULL 300 PPP.jpg
RENDER SILLAS BAR - BASE TRINEO - FINAL 300 PPP,Sillas,Sillas Ambientadas,,Sillas/Sillas Ambientadas/RENDER SILLAS BAR - BASE TRINEO - FINAL 300 PPP.jpg
RENDER - OLIVER FAMILIA - AMBIENTE - FULL,Sillas,Sillas Ambientadas,,Sillas/Sillas Ambientadas/RENDER - OLIVER FAMILIA - AMBIENTE - FULL.jpg
6. TWIG - AGENDA 2023 - FINAL FULL 300 PPP,Sillas,Sillas Ambientadas,,Sillas/Sillas Ambientadas/6. TWIG - AGENDA 2023 - FINAL FULL 300 PPP.jpg
RENDER - Q5 - FAMILIA - FULL,Sillas,Sillas Ambientadas,,Sillas/Sillas Ambientadas/RENDER - Q5 - FAMILIA - FULL.jpg
BOOM - GOYA FULL v2,Sillas,Sillas Ambientadas,,Sillas/Sillas Ambientadas/BOOM - GOYA FULL v2.jpg
EMI- CE - FINAL 300 PPP,Sillas,Sillas Ambientadas,,Sillas/Sillas Ambientadas/EMI- CE - FINAL 300 PPP.jpg
23. PINKO - AGENDA 2023 - FINAL FULL 300 PPP,Sillas,Sillas Ambientadas,,Sillas/Sillas Ambientadas/23. PINKO - AGENDA 2023 - FINAL FULL 300 PPP.jpg
RENDER-SCAB---EMI-Y-PIU,Sillas,Sillas Ambientadas,,Sillas/Sillas Ambientadas/RENDER-SCAB---EMI-Y-PIU.jpg
17. BOSS - AGENDA 2023 - FINAL FULL 300 PPP,Sillas,Sillas Ambientadas,,Sillas/Sillas Ambientadas/17. BOSS - AGENDA 2023 - FINAL FULL 300 PPP.jpg
NEFI - PERU - AMBIENTE - FULL - 300 PPP,Sillas,Sillas Ambientadas,,Sillas/Sillas Ambientadas/NEFI - PERU - AMBIENTE - FULL - 300 PPP.jpg
PRISMA-UNIVERSITARIA---CATALOGO---UNIVERSITARIAS---FULL,Sillas,Sillas Ambientadas,,Sillas/Sillas Ambientadas/PRISMA-UNIVERSITARIA---CATALOGO---UNIVERSITARIAS---FULL.jpg
8. MARA - AGENDA 2023 - FINAL FULL 300 PPP,Sillas,Sillas Ambientadas,,Sillas/Sillas Ambientadas/8. MARA - AGENDA 2023 - FINAL FULL 300 PPP.jpg
LEXUS---RENDER-CALENDARIO-ECO-2023---FULL,Sillas,Sillas Ambientadas,,Sillas/Sillas Ambientadas/LEXUS---RENDER-CALENDARIO-ECO-2023---FULL.jpg
GHOST - DDI - PER - FULL - 300 PPP,Sillas,Sillas Ambientadas,,Sillas/Sillas Ambientadas/GHOST - DDI - PER - FULL - 300 PPP.jpg
24. VOLGA - AGENDA 2023 - FINAL FULL 300 PPP,Sillas,Sillas Ambientadas,,Sillas/Sillas Ambientadas/24. VOLGA - AGENDA 2023 - FINAL FULL 300 PPP.jpg
RENDER - EMA TAPIZ BLANCAS - PERU - FULL,Sillas,Sillas Ambientadas,,Sillas/Sillas Ambientadas/RENDER - EMA TAPIZ BLANCAS - PERU - FULL.jpg
LOGAN - UNIVERSITARIA - FULL,Sillas,Sillas Ambientadas,,Sillas/Sillas Ambientadas/LOGAN - UNIVERSITARIA - FULL.jpg
NEFI - PERU - DOS VERSIONES - FULL - final - 300 PPP,Sillas,Sillas Ambientadas,,Sillas/Sillas Ambientadas/NEFI - PERU - DOS VERSIONES - FULL - final - 300 PPP.jpg
LOGAN LISA - HOSPITAL - FULL,Sillas,Sillas Ambientadas,,Sillas/Sillas Ambientadas/LOGAN LISA - HOSPITAL - FULL.jpg
"BANNER-WEB---COCCOLONA,-PIU,-ARGO---FULL",Sillas,Sillas Ambientadas,,"Sillas/Sillas Ambientadas/BANNER-WEB---COCCOLONA,-PIU,-ARGO---FULL.jpg"
STELA-ALTA---FULL-FINAL---REVISADO,Sillas,Sillas Ambientadas,,Sillas/Sillas Ambientadas/STELA-ALTA---FULL-FINAL---REVISADO.jpg
12. NOVA - AGENDA 2023 - FINAL FULL 300 PPP,Sillas,Sillas Ambientadas,,Sillas/Sillas Ambientadas/12. NOVA - AGENDA 2023 - FINAL FULL 300 PPP.jpg
VOLGA - GOYA FULL v2,Sillas,Sillas Ambientadas,,Sillas/Sillas Ambientadas/VOLGA - GOYA FULL v2.jpg
14. DELPHI 1 - AGENDA 2023 - FINAL FULL 300 PPP,Sillas,Sillas Ambientadas,,Sillas/Sillas Ambientadas/14. DELPHI 1 - AGENDA 2023 - FINAL FULL 300 PPP.jpg
PIU - CE - FINAL 300 PPP,Sillas,Sillas Ambientadas,,Sillas/Sillas Ambientadas/PIU - CE - FINAL 300 PPP.jpg
BANNER-SKALA,Sillas,Sillas Ambientadas,,Sillas/Sillas Ambientadas/BANNER-SKALA.jpg
BUTTERFLY---CATALOGO---GIRATORIAS---FULL-V2,Sillas,Sillas Ambientadas,,Sillas/Sillas Ambientadas/BUTTERFLY---CATALOGO---GIRATORIAS---FULL-V2.jpg
21. ONIX - AGENDA 2023 - FINAL FULL 300 PPP,Sillas,Sillas Ambientadas,,Sillas/Sillas Ambientadas/21. ONIX - AGENDA 2023 - FINAL FULL 300 PPP.jpg
RENDER SHAPE Y LIA - FULL,Sillas,Sillas Ambientadas,,Sillas/Sillas Ambientadas/RENDER SHAPE Y LIA - FULL.jpg
11. LIZ - AGENDA 2023 - FINAL FULL 300 PPP,Sillas,Sillas Ambientadas,,Sillas/Sillas Ambientadas/11. LIZ - AGENDA 2023 - FINAL FULL 300 PPP.jpg
CONTRACT - COLOMBIA - OLIVER - FINAL - 300 PPP,Sillas,Sillas Ambientadas,,Sillas/Sillas Ambientadas/CONTRACT - COLOMBIA - OLIVER - FINAL - 300 PPP.jpg
BOOM - DDI - ECU - FULL - 300 PPP,Sillas,Sillas Ambientadas,,Sillas/Sillas Ambientadas/BOOM - DDI - ECU - FULL - 300 PPP.jpg
18. EMA TAPIZ - AGENDA 2023 - FULL FINAL 300 PPP,Sillas,Sillas Ambientadas,,Sillas/Sillas Ambientadas/18. EMA TAPIZ - AGENDA 2023 - FULL FINAL 300 PPP.jpg
RUDY - FINAL - FULL 300 PPP,Sillas,Sillas Ambientadas,,Sillas/Sillas Ambientadas/RUDY - FINAL - FULL 300 PPP.jpg
silla-eames-8,Sillas,Sillas Ambientadas,,Sillas/Sillas Ambientadas/silla-eames-8.jpg
Ofipartes - Soft Seating - Drop Tapizada - Estudio,Sillas,Drop tapizada,,Sillas/Drop tapizada/Ofipartes - Soft Seating - Drop Tapizada - Estudio.jpg
Ofipartes - Soft Seating - Drop Tapizada - Detalle,Sillas,Drop tapizada,,Sillas/Drop tapizada/Ofipartes - Soft Seating - Drop Tapizada - Detalle.jpg
Ofipartes - Soft Seating - Drop Tapizada - Detalle3,Sillas,Drop tapizada,,Sillas/Drop tapizada/Ofipartes - Soft Seating - Drop Tapizada - Detalle3.jpg
Ofipartes - Soft Seating - Drop Tapizada - Principal,Sillas,Drop tapizada,,Sillas/Drop tapizada/Ofipartes - Soft Seating - Drop Tapizada - Principal.jpg
drop-detail-multipurpose,Sillas,Drop tapizada,,Sillas/Drop tapizada/drop-detail-multipurpose.jpg
Ofipartes - Soft Seating - Drop Tapizada - Restaurante,Sillas,Drop tapizada,,Sillas/Drop tapizada/Ofipartes - Soft Seating - Drop Tapizada - Restaurante.jpg
Drop Tapizada - Ambiente,Sillas,Drop tapizada,,Sillas/Drop tapizada/Drop Tapizada - Ambiente.jpg
Ofipartes - Soft Seating - Drop Tapizada - Barra,Sillas,Drop tapizada,,Sillas/Drop tapizada/Ofipartes - Soft Seating - Drop Tapizada - Barra.jpg
Ofipartes - Soft Seating - Drop Tapizada - Detalle2,Sillas,Drop tapizada,,Sillas/Drop tapizada/Ofipartes - Soft Seating - Drop Tapizada - Detalle2.jpg
Drop Tapizada 4,Sillas,Drop tapizada,,Sillas/Drop tapizada/Drop Tapizada 4.jpg
Ofipartes - Soft Seating - Drop Tapizada - Detalle4,Sillas,Drop tapizada,,Sillas/Drop tapizada/Ofipartes - Soft Seating - Drop Tapizada - Detalle4.jpg
Musa Loop Full HD,Sillas,Musa,,Sillas/Musa/Musa Loop Full HD.jpg
Musa_Inza_Lana_ReunionesInformales,Sillas,Musa,,Sillas/Musa/Musa_Inza_Lana_ReunionesInformales.jpg
Musa 4 Apoyos,Sillas,Musa,,Sillas/Musa/Musa 4 Apoyos.jpg
MusaAlta_Lana_DetalleEspaldar,Sillas,Musa,,Sillas/Musa/MusaAlta_Lana_DetalleEspaldar.jpg
Ofipartes Musa Lana 153,Sillas,Musa,,Sillas/Musa/Ofipartes Musa Lana 153.jpg
Ofipartes Musa Detalle Espaldar Alto Gris,Sillas,Musa,,Sillas/Musa/Ofipartes Musa Detalle Espaldar Alto Gris.jpg
Ofipartes Musa Inza Estudio,Sillas,Musa,,Sillas/Musa/Ofipartes Musa Inza Estudio.jpg
Ofipartes Musa Hogar,Sillas,Musa,,Sillas/Musa/Ofipartes Musa Hogar.jpg
Ofipartes Musa Lounge,Sillas,Musa,,Sillas/Musa/Ofipartes Musa Lounge.jpg
Musa_Principal_Versiones,Sillas,Musa,,Sillas/Musa/Musa_Principal_Versiones.jpg
Portada,Sillas,Musa,,Sillas/Musa/Portada.jpg
Musa Trineo Full HD,Sillas,Musa,,Sillas/Musa/Musa Trineo Full HD.jpg
Ofipartes Musa Detalle Espaldar,Sillas,Musa,,Sillas/Musa/Ofipartes Musa Detalle Espaldar.jpg
Wiwa Tapizada - Oficina Cerrada,Sillas,Wiwa tapizada,,Sillas/Wiwa tapizada/Wiwa Tapizada - Oficina Cerrada.jpg
Wiwa Tapizada - DT,Sillas,Wiwa tapizada,,Sillas/Wiwa tapizada/Wiwa Tapizada - DT.jpg
Wiwa Tapizada - Oficina Abierta 2,Sillas,Wiwa tapizada,,Sillas/Wiwa tapizada/Wiwa Tapizada - Oficina Abierta 2.jpg
Wiwa Tapizada - Oficina Abierta,Sillas,Wiwa tapizada,,Sillas/Wiwa tapizada/Wiwa Tapizada - Oficina Abierta.jpg
Wiwa Tapizada - T,Sillas,Wiwa tapizada,,Sillas/Wiwa tapizada/Wiwa Tapizada - T.jpg
Wiwa Tapizada - DF,Sillas,Wiwa tapizada,,Sillas/Wiwa tapizada/Wiwa Tapizada - DF.jpg
Ofipartes - Wiwa Tapizada - Detalles Espaldar,Sillas,Wiwa tapizada,,Sillas/Wiwa tapizada/Ofipartes - Wiwa Tapizada - Detalles Espaldar.jpg
Wiwa Tapizada - Oficina Abierta 3,Sillas,Wiwa tapizada,,Sillas/Wiwa tapizada/Wiwa Tapizada - Oficina Abierta 3.jpg
Wiwa Tapizada - F,Sillas,Wiwa tapizada,,Sillas/Wiwa tapizada/Wiwa Tapizada - F.jpg
Ofipartes - Wiwa Tapizada - Portada,Sillas,Wiwa tapizada,,Sillas/Wiwa tapizada/Ofipartes - Wiwa Tapizada - Portada.jpg
